INSERT INTO AUTHORITY(ID, NAME) VALUES (1, 'USER_CREATE');
INSERT INTO AUTHORITY(ID, NAME) VALUES (2, 'USER_READ');
INSERT INTO AUTHORITY(ID, NAME) VALUES (3, 'USER_UPDATE');
INSERT INTO AUTHORITY(ID, NAME) VALUES (4, 'USER_DELETE');
INSERT INTO AUTHORITY(ID, NAME) VALUES (5, 'GROUP_CREATE');
INSERT INTO AUTHORITY(ID, NAME) VALUES (6, 'GROUP_READ');
INSERT INTO AUTHORITY(ID, NAME) VALUES (7, 'GROUP_UPDATE');
INSERT INTO AUTHORITY(ID, NAME) VALUES (8, 'GROUP_DELETE');

INSERT INTO USERS(USER_ID, USER_NAME, USER_EMAIL, PASSWORD, ACCOUNT_EXPIRED, ACCOUNT_LOCKED, CREDENTIALS_EXPIRED, ENABLED)
  VALUES (1, 'admin', 'email@test', 'RpML0qe+o6atUKszlp7YmckLjX2uIR8sNyvxiTwlYOE=', FALSE, FALSE, FALSE, TRUE);
--   password: password
INSERT INTO USERS(USER_ID, USER_NAME, USER_EMAIL, PASSWORD, ACCOUNT_EXPIRED, ACCOUNT_LOCKED, CREDENTIALS_EXPIRED, ENABLED)
  VALUES (2, 'reader', 'email@test1',  '$2a$08$yX7ivwNd9Jeroygj9j8zseqNl4CiuinQsNI6jjucV0Ho7XHLN2Jv6', FALSE, FALSE, FALSE, TRUE);
INSERT INTO USERS(USER_ID, USER_NAME, USER_EMAIL, PASSWORD, ACCOUNT_EXPIRED, ACCOUNT_LOCKED, CREDENTIALS_EXPIRED, ENABLED)
  VALUES (3, 'modifier', 'email@test2',  '$2a$08$4KmjwQ/cyqyw4ii0q.0J9eZdFZBpiQ3jvOmUpf3Mtxd1tHNC3AMTO', FALSE, FALSE, FALSE, TRUE);

INSERT INTO USERS_AUTHORITIES(USER_ID, AUTHORITY_ID) VALUES (1, 1);
INSERT INTO USERS_AUTHORITIES(USER_ID, AUTHORITY_ID) VALUES (1, 2);
INSERT INTO USERS_AUTHORITIES(USER_ID, AUTHORITY_ID) VALUES (1, 3);
INSERT INTO USERS_AUTHORITIES(USER_ID, AUTHORITY_ID) VALUES (1, 4);
INSERT INTO USERS_AUTHORITIES(USER_ID, AUTHORITY_ID) VALUES (1, 5);
INSERT INTO USERS_AUTHORITIES(USER_ID, AUTHORITY_ID) VALUES (1, 6);
INSERT INTO USERS_AUTHORITIES(USER_ID, AUTHORITY_ID) VALUES (1, 7);
INSERT INTO USERS_AUTHORITIES(USER_ID, AUTHORITY_ID) VALUES (1, 8);
INSERT INTO USERS_AUTHORITIES(USER_ID, AUTHORITY_ID) VALUES (2, 2);
INSERT INTO USERS_AUTHORITIES(USER_ID, AUTHORITY_ID) VALUES (2, 6);
INSERT INTO USERS_AUTHORITIES(USER_ID, AUTHORITY_ID) VALUES (3, 3);
INSERT INTO USERS_AUTHORITIES(USER_ID, AUTHORITY_ID) VALUES (3, 7);